pair	model	replicate	MaxEstLhood	params	AIC	deltaAIC	best
BFFAUS_BFFINDO	m1_strict_isolation	BFFAUS_BFFINDO_m1_strict_isolation_rep50	-265593.461	4	1223111.08819059	10065.977460867	FALSE
BFFAUS_BFFINDO	m2_constant_migration	BFFAUS_BFFINDO_m2_constant_migration_rep115	-263479.801	8	1213385.32417528	340.213445551461	FALSE
BFFAUS_BFFINDO	m3_ancient_migration	BFFAUS_BFFINDO_m3_ancient_migration_rep84	-263405.056	10	1213045.11072972	0	TRUE
BFFAUS_BFFINDO	m4_recent_migration	BFFAUS_BFFINDO_m4_recent_migration_rep110	-263492.613	10	1213448.3256157	403.214885974303	FALSE
BFFAUS_BFFINDOplusWAmuseum	m1_strict_isolation	BFFAUS_BFFINDOplusWAmuseum_m1_strict_isolation_rep117	-182103.486	4	838625.5444917	1307.07081899152	FALSE
BFFAUS_BFFINDOplusWAmuseum	m2_constant_migration	BFFAUS_BFFINDOplusWAmuseum_m2_constant_migration_rep111	-181817.922	8	837318.473672708	0	TRUE
BFFAUS_BFFINDOplusWAmuseum	m3_ancient_migration	BFFAUS_BFFINDOplusWAmuseum_m3_ancient_migration_rep24	-181825.381	10	837356.823637126	38.3499644172844	FALSE
BFFAUS_BFFINDOplusWAmuseum	m4_recent_migration	BFFAUS_BFFINDOplusWAmuseum_m4_recent_migration_rep115	-181843.941	10	837442.295595777	123.82192306919	FALSE
BFFAUS_SFF	m1_strict_isolation	BFFAUS_SFF_m1_strict_isolation_rep1	-361712.351	4	1665754.93472886	30691.0058074063	FALSE
BFFAUS_SFF	m2_constant_migration	BFFAUS_SFF_m2_constant_migration_rep98	-355602.844	8	1637627.61524137	2563.68631992047	FALSE
BFFAUS_SFF	m3_ancient_migration	BFFAUS_SFF_m3_ancient_migration_rep107	-355603.946	10	1637636.69013892	2572.76121746562	FALSE
BFFAUS_SFF	m4_recent_migration	BFFAUS_SFF_m4_recent_migration_rep40	-355045.278	10	1635063.92892145	0	TRUE
BFFEAST_SFF	m1_strict_isolation	BFFEAST_SFF_m1_strict_isolation_rep20	-346252.101	4	1594557.85236094	28699.0440486271	FALSE
BFFEAST_SFF	m2_constant_migration	BFFEAST_SFF_m2_constant_migration_rep10	-340502.297	8	1568087.02640486	2228.21809255215	FALSE
BFFEAST_SFF	m3_ancient_migration	BFFEAST_SFF_m3_ancient_migration_rep31	-340508.189	10	1568118.1600676	2259.35175528796	FALSE
BFFEAST_SFF	m4_recent_migration	BFFEAST_SFF_m4_recent_migration_rep111	-340017.577	10	1565858.80831231	0	TRUE
BFFINDO_BFFEAST	m1_strict_isolation	BFFINDO_BFFEAST_m1_strict_isolation_rep87	-235755.534	4	1085702.3563585	9839.72084445949	FALSE
BFFINDO_BFFEAST	m2_constant_migration	BFFINDO_BFFEAST_m2_constant_migration_rep97	-233653.422	8	1076029.77284849	167.137334451545	FALSE
BFFINDO_BFFEAST	m3_ancient_migration	BFFINDO_BFFEAST_m3_ancient_migration_rep58	-233616.26	10	1075862.63551404	0	TRUE
BFFINDO_BFFEAST	m4_recent_migration	BFFINDO_BFFEAST_m4_recent_migration_rep70	-233661.718	10	1076071.97734036	209.341826314572	FALSE
BFFINDO_BFFNAUS	m1_strict_isolation	BFFINDO_BFFNAUS_m1_strict_isolation_rep104	-175040.202	4	806097.919599733	3838.07424610225	FALSE
BFFINDO_BFFNAUS	m2_constant_migration	BFFINDO_BFFNAUS_m2_constant_migration_rep100	-174206.125	8	802264.853066515	5.00771288387477	FALSE
BFFINDO_BFFNAUS	m3_ancient_migration	BFFINDO_BFFNAUS_m3_ancient_migration_rep5	-174204.169	10	802259.845353631	0	TRUE
BFFINDO_BFFNAUS	m4_recent_migration	BFFINDO_BFFNAUS_m4_recent_migration_rep12	-174207.46	10	802275.000968713	15.155615082127	FALSE
BFFINDO_SFF	m1_strict_isolation	BFFINDO_SFF_m1_strict_isolation_rep116	-241087.971	4	1110259.13624956	8043.9669666246	FALSE
BFFINDO_SFF	m2_constant_migration	BFFINDO_SFF_m2_constant_migration_rep75	-239485.557	8	1102887.74707115	672.577788214665	FALSE
BFFINDO_SFF	m3_ancient_migration	BFFINDO_SFF_m3_ancient_migration_rep99	-239487.156	10	1102899.11073828	683.941455342108	FALSE
BFFINDO_SFF	m4_recent_migration	BFFINDO_SFF_m4_recent_migration_rep102	-239338.64	10	1102215.16928294	0	TRUE
BFFINDOplusWAmuseum_BFFEAST	m1_strict_isolation	BFFINDOplusWAmuseum_BFFEAST_m1_strict_isolation_rep72	-240405.372	4	1107115.65168578	10737.7750824292	FALSE
BFFINDOplusWAmuseum_BFFEAST	m2_constant_migration	BFFINDOplusWAmuseum_BFFEAST_m2_constant_migration_rep48	-238107.43	8	1096541.23769825	163.361094899243	FALSE
BFFINDOplusWAmuseum_BFFEAST	m3_ancient_migration	BFFINDOplusWAmuseum_BFFEAST_m3_ancient_migration_rep123	-238071.088	10	1096377.87660335	0	TRUE
BFFINDOplusWAmuseum_BFFEAST	m4_recent_migration	BFFINDOplusWAmuseum_BFFEAST_m4_recent_migration_rep91	-238114.162	10	1096576.23970394	198.363100591348	FALSE
BFFINDOplusWAmuseum_BFFNAUS	m1_strict_isolation	BFFINDOplusWAmuseum_BFFNAUS_m1_strict_isolation_rep116	-167778.759	4	772657.738788881	4311.34758611606	FALSE
BFFINDOplusWAmuseum_BFFNAUS	m2_constant_migration	BFFINDOplusWAmuseum_BFFNAUS_m2_constant_migration_rep21	-166846.626	8	768373.107687906	26.7164851404959	FALSE
BFFINDOplusWAmuseum_BFFNAUS	m3_ancient_migration	BFFINDOplusWAmuseum_BFFNAUS_m3_ancient_migration_rep102	-166839.956	10	768346.391202765	0	TRUE
BFFINDOplusWAmuseum_BFFNAUS	m4_recent_migration	BFFINDOplusWAmuseum_BFFNAUS_m4_recent_migration_rep43	-166848.05	10	768383.66545025	37.2742474853294	FALSE
BFFINDOplusWAmuseum_SFF	m1_strict_isolation	BFFINDOplusWAmuseum_SFF_m1_strict_isolation_rep30	-238140.902	4	1096687.38195471	8383.51997994818	FALSE
BFFINDOplusWAmuseum_SFF	m2_constant_migration	BFFINDOplusWAmuseum_SFF_m2_constant_migration_rep107	-236455.015	8	1088931.58540537	627.723430603277	FALSE
BFFINDOplusWAmuseum_SFF	m3_ancient_migration	BFFINDOplusWAmuseum_SFF_m3_ancient_migration_rep30	-236458.089	10	1088949.74169852	645.879723754944	FALSE
BFFINDOplusWAmuseum_SFF	m4_recent_migration	BFFINDOplusWAmuseum_SFF_m4_recent_migration_rep98	-236317.838	10	1088303.86197476	0	TRUE
BFFNAUS_BFFEAST	m1_strict_isolation	BFFNAUS_BFFEAST_m1_strict_isolation_rep11	-277126.57	4	1276223.01790914	17358.7802294402	FALSE
BFFNAUS_BFFEAST	m2_constant_migration	BFFNAUS_BFFEAST_m2_constant_migration_rep29	-273357.263	8	1258872.71769091	8.48001120402478	FALSE
BFFNAUS_BFFEAST	m3_ancient_migration	BFFNAUS_BFFEAST_m3_ancient_migration_rep27	-273354.553	10	1258864.2376797	0	TRUE
BFFNAUS_BFFEAST	m4_recent_migration	BFFNAUS_BFFEAST_m4_recent_migration_rep66	-273358.493	10	1258882.38205023	18.1443705328275	FALSE
BFFNAUS_SFF	m1_strict_isolation	BFFNAUS_SFF_m1_strict_isolation_rep5	-267670.342	4	1232675.47865164	15174.8473462882	FALSE
BFFNAUS_SFF	m2_constant_migration	BFFNAUS_SFF_m2_constant_migration_rep112	-264776.022	8	1219354.64247893	1854.01117357914	FALSE
BFFNAUS_SFF	m3_ancient_migration	BFFNAUS_SFF_m3_ancient_migration_rep94	-264779.665	10	1219375.41911391	1874.78780856659	FALSE
BFFNAUS_SFF	m4_recent_migration	BFFNAUS_SFF_m4_recent_migration_rep66	-264372.56	10	1217500.63130535	0	TRUE
